name,full_name,id,symbol
Adel,Adel Kalemcilik Ticaret ve Sanayi AS,19255,ADEL
Adel,Adel Kalemcilik Ticaret ve Sanayi AS,19255,ADEL
Adel,Adel Kalemcilik Ticaret ve Sanayi AS,19255,ADEL
Adese,Adese Alisveris Merkezleri Ticaret AS,19256,ADESE
Anadolu Efes Malt,Anadolu Efes Biracilik ve Malt Sanayi AS,19258,AEFES
Afyon Cimento,Afyon Cimento Sanayi TAS,19260,AFYON
Atakule GYO,Atakule Gayrimenkul Yatirim Ortakligi AS,19261,AGYO
Ahlatci Dogal Gaz,Ahlatci Dogal Gaz Dagitim ve Enerji ve Yatirim AS,1198405,AHGAZ
Akbank TAS,Akbank TAS,19263,AKBNK
Akcansa,Akcansa Cimento Sanayi ve Ticaret AS,19265,AKCNS
Akenerji,Akenerji Elektrik Uretim AS,19266,AKENR
Akfen GYO,Akfen Gayrimenkul Yatirim Ortakligi AS,19268,AKFGY
AK Sigorta,AK Sigorta AS,19269,AKGRT
Akmerkez GYO,Akmerkez Gayrimenkul Yatirim Ortakligi AS,19270,AKMGY
Aksa Akrilik,Aksa Akrilik Kimya Sanayi AS,19271,AKSA
Aksa Enerji Uretim,Aksa Enerji Uretim AS,19272,AKSEN
Aksu Enerji ve Ticaret,Aksu Enerji ve Ticaret AS,19273,AKSUE
Alarko Holding,Alarko Holding AS,19274,ALARK
Albaraka Turk,Albaraka Turk Katilim Bankasi AS,19275,ALBRK
Alarko Carrier,Alarko Carrier Sanayi ve Ticaret AS,19276,ALCAR
Alcatel Lucent,Alcatel Lucent Teletas Telekomunikasyon AS,19277,ALCTL
Alarko GYO,Alarko Gayrimenkul Yatirim Ortakligi AS,19278,ALGYO
Alkim Kagit,Alkim Kagit Sanayi ve Ticaret AS,19279,ALKA
Alkim Kimya,Alkim Alkali Kimya AS,19280,ALKIM
Altinyag,Altinyag Kombinalari AS,19283,ALMAD
Anel Elektrik,Anel Elektrik Proje Taahhut ve Ticaret AS,19285,ANELE
Anadolu Hayat,Anadolu Hayat Emeklilik AS,19287,ANHYT
Anadolu Sigorta,Anadolu Anonim Turk Sigorta Sti,19288,ANSGR
Arcelik AS,Arcelik AS,19289,ARCLK
Arena Bilgisayar,Arena Bilgisayar Sanayi ve Ticaret AS,19290,ARENA
Ingram Micro Bilisim,Ingram Micro Bilisim Sistemleri AS,19292,INGRM
Aselsan,Aselsan Elektronik Sanayi ve Ticaret AS,19294,ASELS
Anadolu Isuzu,Anadolu Isuzu Otomotiv Sanayi ve Ticaret AS,19296,ASUZU
Ata GYO,Ata Gayrimenkul Yatirim Ortakligi AS,19299,ATAGY
Akin Tekstil,Akin Tekstil AS,19300,ATEKS
Atlas YO,Atlas Menkul Kiymetler Yatirim Ortakligi AS,19301,ATLAS
Avrasya GYO,Avrasya Gayrimenkul Yatirim Ortakligi AS,19303,AVGYO
AVOD,AVOD Kurutulmus Gida ve Tarim Urunleri Sanayi Ticaret AS,19305,AVOD
Avtur,Avrasya Petrol ve Turistik Tesisler Yatirimlar AS,19306,AVTUR
Altin Yunus,Altin Yunus Cesme Turistik Tesisler AS,19307,AYCES
Ayen Enerji,Ayen Enerji AS,19308,AYEN
Aygaz AS,Aygaz AS,19309,AYGAZ
Bagfas,Bagfas Bandirma Gubre Fabrikalari AS,19310,BAGFS
Bak Ambalaj,Bak Ambalaj Sanayi ve Ticaret AS,19311,BAKAB
Banvitas,Banvit Bandirma Vitaminli Yem Sanayi AS,19312,BANVT
Bosch Fren,Bosch Fren Sistemleri Sanayi ve Ticaret AS,19314,BFREN
BIM Magazalar,BIM Birlesik Magazalar AS,19315,BIMAS
Ral Yatirim,Ral Yatirim Holding AS,19316,RALYH
Bizim,Bizim Toptan Satis Magazalari AS,19317,BIZIM
Besiktas,Besiktas Futbol Yatirimlari Sanayi ve Ticaret AS,19318,BJKAS
Bilici Yatirim,Bilici Yatirim Sanayi ve Ticaret AS,19319,BLCYT
Bossa,Bossa Ticaret ve Sanayi Isletmeleri TAS,19322,BOSSA
Berkosan,Berkosan Yalitim ve Tecrit Maddeleri Uretim ve Ticaret AS,19325,BRKSN
Yesil Yapi,Yesil Yapi Endustrisi AS,19327,YYAPI
Borusan,Borusan Mannesmann Boru Sanayi ve Ticaret AS,19328,BRSAN
Borusan Yatirim,Borusan Yatirim ve Pazarlama AS,19329,BRYAT
Batisoke Soke,Batisoke Soke Cimento Sanayi TAS,19331,BSOKE
Baticim,Baticim Bati Anadolu Cimento Sanayi AS,19332,BTCIM
Bursa Cimento,Bursa Cimento Fabrikasi AS,19333,BUCIM
Burcelik,Burcelik Bursa Celik Dokum Sanayi AS,19334,BURCE
Burcelik Vana,Burcelik Vana Sanayi ve Ticaret AS,19335,BURVA
CarrefourSA,CarrefourSA Carrefour Sabanci Ticaret Merkezi AS,19336,CRFSA
Coca Cola Icecek,Coca-Cola Icecek AS,19339,CCOLA
Celik Halat,Celik Halat ve Tel Sanayi AS,19340,CELHA
Cemas,Cemas Dokum Sanayi AS,19341,CEMAS
Cemtas,Cemtas Celik Makina Sanayi ve Ticaret AS,19342,CEMTS
Cimsa,Cimsa Cimento Sanayi ve Ticaret AS,19344,CIMSA
Celebi,Celebi Hava Servisi AS,19345,CLEBI
Cimbeton,Cimbeton Hazirbeton ve Prefabrik Yapi Elemanlari Sanayi ve Ticaret AS,19346,CMBTN
Componenta Dokumculuk,Componenta Dokumculuk Ticaret ve Sanayi AS,19348,DOKTA
Cosmos,Cosmos Yatirim Holding AS,19349,COSMO
Creditwest,Creditwest Faktoring AS,19350,CRDFA
Dagi,Dagi Giyim Sanayi ve Ticaret AS,19351,DAGI
Dardanel Onentas,Dardanel Onentas Gida Sanayi AS,19352,DARDL
Derimod,Derimod Konfeksiyon Ayakkabi Deri Sanayi ve Ticaret AS,19356,DERIM
Desa,Desa Deri Sanayi ve Ticaret AS,19357,DESA
Despec,Despec Bilgisayar Pazarlama ve Ticaret AS,19358,DESPC
Deva Holding,Deva Holding AS,19359,DEVA
Datagate,Datagate Bilgisayar Malzemeleri Ticaret AS,19360,DGATE
Dogus GYO,Dogus Gayrimenkul Yatirim Ortakligi AS,19361,DGGYO
Ditas,Ditas Dogan Yedek Parca Imalat ve Teknik AS,19363,DITAS
Demisas,Demisas Dokum Emaye Mamulleri Sanayi AS,19364,DMSAS
Deniz GYO,Deniz Gayrimenkul Yatirim Ortakligi AS,19365,DZGYO
Dogus Otomotiv,Dogus Otomotiv Servis ve Ticaret AS,19366,DOAS
Dogan Burda,Dogan Burda Dergi Yayincilik ve Pazarlama AS,19367,DOBUR
DO & CO,DO & Co AG,19368,DOCO
Dogusan Boru,Dogusan Boru Sanayi ve Ticaret AS,19369,DOGUB
Dogan Holding,Dogan Sirketler Grubu Holding AS,19370,DOHOL
Duran Dogan,Duran-Dogan Basim ve Ambalaj Sanayi AS,19371,DURDO
DYO Boya,DYO Boya Fabrikalari Sanayi ve Ticaret AS,19373,DYOBY
Metro Yatirim Ortakligi,Metro Yatirim Ortakligi AS,19374,MTRYO
EIS,EIS Eczacibasi Ilac Sinai ve Finansal Yatirimlar Sanayi ve Ticaret AS,19375,ECILC
Eczacibasi Yatirim,Eczacibasi Yatirim Holding Ortakligi AS,19377,ECZYT
Edip Gayrimenkul,Edip Gayrimenkul Yatirim Sanayi ve Ticaret AS,19378,EDIP
Ege Endustri,Ege Endustri ve Ticaret AS,19381,EGEEN
Ege Gubre,Ege Gubre Sanayi AS,19382,EGGUB
Ege Profil,Ege Profil Ticaret ve Sanayi AS,19383,EGPRO
Ege Seramik,Ege Seramik Sanayi ve Ticaret AS,19384,EGSER
Emlak Konut GYO,Emlak Konut Gayrimenkul Yatirim Ortakligi AS,19386,EKGYO
Euro Menkul,Euro Menkul Kiymet Yatirim Ortakligi AS,19388,EUYO
EMEK Elektirik,EMEK Elektrik Endustrisi AS,19389,EMKEL
ENKA,ENKA Insaat ve Sanayi AS,19391,ENKAI
Egeplast,Egeplast Ege Plastik Ticaret ve Sanayi AS,19392,EPLAS
ERBOSAN,Erbosan Erciyas Boru Sanayi Ve Ticaret AS,19393,ERBOS
Erdemir,Eregli Demir ve Celik Fabrikalari TAS,19394,EREGL
ERSU,ERSU Meyve ve Gida Sanayi AS,19396,ERSU
Escort,Escort Teknoloji Yatirim AS,19397,ESCOM
Euro Trend YO,Euro Trend Yatirim Ortakligi AS,19399,ETYAT
Euro Kapital,Euro Kapital Yatirim Ortakligi AS,19400,EUKYO
Euro Yatirim,Euro Yatirim Holding AS,19401,EUHOL
Fenerbahce,Fenerbahce Futbol AS,19402,FENER
QNB Finans,QNB Finans Finansal Kiralama AS,19404,QNBFL
Federal Mogul,Federal Mogul Izmit Piston ve Pim Uretim Tesisleri AS,19406,FMIZP
Ufuk Yatirim,Ufuk Yatirim Yonetim Ve Gayrimenkul AS,19408,UFUK
Frigo Pak,Frigo-Pak Gida Maddeleri Sanayi ve Ticaret AS,19409,FRIGO
Ford Otosan,Ford Otomotiv Sanayi AS,19410,FROTO
Garanti Bank,Turkiye Garanti Bankasi,19412,GARAN
Garanti Faktoring,Garanti Faktoring AS,19413,GARFA
Inveo Yatirim Holding,Inveo Yatirim Holding AS,19414,INVEO
Gedik Yatirim,Gedik Yatirim Menkul Degerler AS,19415,GEDIK
Gentas,Gentas Genel Metal Sanayi ve Ticaret AS,19417,GENTS
Gersan,Gersan Elektrik Ticaret ve Sanayi AS,19418,GEREL
Global Menkul,Global Menkul Degerler AS,19419,GLBMD
Guler Holding,Guler Yatirim Holding AS,19420,GLRYH
Global Yatirim,Global Yatirim Holding AS,19421,GLYHO
Goltas Cimento,Goltas Goller Bolgesi Cimento Sanayi ve Ticaret AS,19424,GOLTS
Goodyear Lastikleri,Goodyear Lastikleri TAS,19425,GOODY
Gozde,Gozde Girisim Sermayesi Yatirim Ortakligi AS,19426,GOZDE
Garanti YO,Garanti Yatirim Ortakligi AS,19427,GRNYO
GSD Marin,GSD Denizcilik Gayrimenkul Insaat Sanayi ve Ticaret AS,19428,GSDDE
GSD Holding,GSD Holding AS,19429,GSDHO
GS Sportif,Galatasaray Sportif Sinai ve Ticari Yatirimlar AS,19430,GSRAY
Gubretas,Gubre Fabrikalari TAS,19431,GUBRF
Turkiye Sigorta,Turkiye Sigorta AS,19432,TURSG
Turkiye Halk Bk,Turkiye Halk Bankasi,19433,HALKB
Hateks,Hateks Hatay Tekstil Isletmeleri AS,19434,HATEK
Hektas,Hektas Ticaret TAS,19436,HEKTS
Hurriyet Gazete,Hurriyet Gazetecilik ve Matbaacilik AS,19437,HURGZ
Idealist GYO,Idealist Gayrimenkul Yatirim Ortakligi AS,19441,IDGYO
Ihlas Ev Aletleri Imalat,Ihlas Ev Aletleri Imalat Sanayi ve Ticaret AS,19442,IHEVA
Ihlas Gazetecilik,Ihlas Gazetecilik AS,19443,IHGZT
Ihlas Holding,Ihlas Holding AS,19444,IHLAS
Ihlas Gayrimenkul,Ihlas Gayrimenkul Proje Gelistirme ve Ticaret AS,19445,IHLGM
Ihlas Yayin,Ihlas Yayin Holding AS,19446,IHYAY
Indeks,Indeks Bilgisayar Sistemleri Muhendislik Sanayi ve Ticaret AS,19447,INDES
Info Yatirim,Info Yatirim AS,19448,INFO
Intema,Intema Insaat ve Tesisat Malzemeleri Yatirim ve Pazarlama AS,19450,INTEM
Ipek Dogal,Ipek Dogal Enerji Kaynaklari Arastirma ve Uretim AS,19451,IPEKE
Turkiye Is Bankasi C,Turkiye Is Bankasi AS Class C,19454,ISCTR
Is Finansal Kiralama,Is Finansal Kiralama AS,19455,ISFIN
Is Girisim,Is Girisim Sermayesi Yatirim Ortakligi AS,19456,ISGSY
Is GYO,Is Gayrimenkul Yatirim Ortakligi AS,19457,ISGYO
Is Yatirim Menkul Degerler,Is Yatirim Menkul Degerler AS,19458,ISMEN
Is Yatirim Ortakligi,Is Yatirim Ortakligi AS,19459,ISYAT
Ittifak Holding,Ittifak Holding AS,19461,ITTFH
IDC,Izmir Demir Celik Sanayi AS,19462,IZMDC
Kaplamin Ambalaj,Kaplamin Ambalaj Sanayi ve Ticaret AS,19464,KAPLM
Karel,Karel Elektronik Sanayi ve Ticaret AS,19465,KAREL
Karsan Otomotiv,Karsan Otomotiv Sanayi ve Ticaret AS,19467,KARSN
Kartonsan,Kartonsan Karton Sanayi ve Ticaret AS,19468,KARTN
Katmerciler,Katmerciler Arac Ustu Ekipman Sanayi ve Ticaret AS,19469,KATMR
Koc Holding,Koc Holding AS,19470,KCHOL
Kerevitas,Kerevitas Gida Sanayi ve Ticaret AS,19472,KERVT
Doganlar Mobilya,Doganlar Mobilya Grubu Imalat Sanayi ve Ticaret AS,19475,DGNMO
Kiler GYO,Kiler Gayrimenkul Yatirim Ortakligi AS,19476,KLGYO
Klimasan Klima,Klimasan Klima Sanayi ve Ticaret AS,19477,KLMSN
Konfrut,Konfrut Gida Sanayi ve Ticaret AS,19479,KNFRT
Konya Cimento,Konya Cimento Sanayi AS,19480,KONYA
Kordsa Global,Kordsa Global Endustriyel Iplik ve Kord Bezi Sanayi ve Ticaret AS,19481,KORDS
Koza Anadolu,Koza Anadolu Metal Madencilik Isletmeleri AS,19482,KOZAA
Koza Altin,Koza Altin Isletmeleri AS,19483,KOZAL
Kardemir A,Kardemir Karabuk Demir Celik Sanayi ve Ticaret AS Class A,19485,KRDMA
Kardemir B,Kardemir Karabuk Demir Celik Sanayi ve Ticaret AS Class B,19486,KRDMB
Kardemir D,Kardemir Karabuk Demir Celik Sanayi ve Ticaret AS Class D,19487,KRDMD
Kron Telekom,Kron Telekomunikasyon Hizmetleri AS,19488,KRONT
Kristal Kola,Kristal Kola ve Mesrubat Sanayi Ticaret AS,19489,KRSTL
Karsu Tekstil,Karsu Tekstil Sanayi ve Ticaret AS,19490,KRTEK
Kutahya Porselen,Kutahya Porselen Sanayi AS,19491,KUTPO
Link Bilgisayar,Link Bilgisayar Sistemleri Yazilimi ve Donanimi Sanayi ve Ticaret AS,19493,LINK
Lokman Hekim,Lokman Hekim Engurusag Saglik Turizm Egitim Hizmetleri ve Insaat Taahhut AS,19494,LKMNH
Logo Yazilim,Logo Yazilim Sanayi ve Ticaret AS,19495,LOGO
Luks Kadife,Luks Kadife Ticaret ve Sanayi AS,19496,LUKSK
Marmaris Altinyunus,Marmaris Altinyunus Turistik Tesisleri AS,19497,MAALT
MTE,Makina Takim Endustrisi AS,19498,MAKTK
Marti Otel,Marti Otel Isletmeleri AS,19500,MARTI
Mepet Metro,Mepet Metro Petrol ve Tesisleri Sanayi Ticaret AS,19504,MEPET
Merko Gida,Merko Gida Sanayi ve Ticaret AS,19505,MERKO
Metro Holding,Metro Ticari ve Mali Yatirimlar Holding AS,19507,METRO
Metemtur,Metemtur Otelcilik ve Turizm Isletmeleri AS,19508,METUR
Migros,Migros Ticaret AS,19509,MGROS
Milpa,Milpa Ticari ve Sinai Urunler Pazarlama Sanayi ve Ticaret AS,19510,MIPAZ
Menderes Tekstil,Menderes Tekstil Sanayi ve Ticaret AS,19511,MNDRS
Mardin Cimento,Mardin Cimento Sanayi ve Ticaret AS,19513,MRDIN
Marti GYO,Marti Gayrimenkul Yatirim Ortakligi AS,19514,MRGYO
Marshall,Marshall Boya ve Vernik Sanayi AS,19515,MRSHL
Isiklar Enerji,Isiklar Enerji ve Yapi Holding AS,19517,IEYHO
Mazhar Zorlu,Mazhar Zorlu Holding AS,19520,MZHLD
Netas Telekom,Netas Telekomunikasyon AS,19522,NETAS
Net Holding,Net Holding AS,19523,NTHOL
Nurol GYO,Nurol Gayrimenkul Yatirim Ortakligi AS,19525,NUGYO
Nuh Cimento,Nuh Cimento Sanayi AS,19526,NUHCM
Otokar,Otokar Otomotiv ve Savunma Sanayi AS,19528,OTKAR
OYAK YO,OYAK Yatirim Ortakligi AS,19529,OYAYO
Ozderici GYO,Ozderici Gayrimenkul Yatirim Ortakligi AS,19531,OZGYO
Parsan,Parsan Makina Parcalari Sanayi AS,19532,PARSN
Pera GYO,Pera Gayrimenkul Yatirim Ortakligi AS,19533,PEGYO
Penguen Gida,Penguen Gida Sanayi AS,19534,PENGD
Petkim,Petkim Petrokimya Holding AS,19535,PETKM
Pinar Et Ve Un,Pinar Entegre Et ve Un Sanayi AS,19536,PETUN
Pinar Su,Pinar Su Sanayi ve Ticaret AS,19538,PINSU
Plastikkart,Plastikkart Akilli Kart Iletisim Sistemleri Sanayi ve Ticaret AS,19539,PKART
Petrokent Turizm,Petrokent Turizm AS,19540,PKENT
Pinar Sut Mamulleri,Pinar Sut Mamulleri Sanayi AS,19541,PNSUT
Turk Prysmian,Turk Prysmian Kablo ve Sistemleri AS,19543,PRKAB
Park Elektrik,Park Elektrik Uretim Madencilik Sanayi ve Ticaret AS,19544,PRKME
Ray Sigorta,Ray Sigorta AS,19548,RAYSG
Rhea Girisim,Rhea Girisim Sermayesi Yatirim Ortakligi AS,19549,RHEAG
Reysas GYO,Reysas Gayrimenkul Yatirim Ortakligi AS,19550,RYGYO
Reysas,Reysas Tasimacilik ve Lojistik Ticaret AS,19551,RYSAS
Sabanci Holding,Haci Omer Sabanci Holding AS,19553,SAHOL
Saray,Saray Matbaacilik Kagitcilik Kirtasiyecilik Ticaret ve Sanayi AS,19554,SAMAT
Sanko Pazarlama,Sanko Pazarlama Ithalat Ihracat AS,19555,SANKO
Sarkuysan,Sarkuysan Elektrolitik Bakir Sanayi ve Ticaret AS,19556,SARKY
SASA Polyester,SASA Polyester Sanayi AS,19557,SASA
Seker Leasing,Seker Finansal Kiralama AS,19558,SEKFK
Selcuk Ecza Deposu,Selcuk Ecza Deposu Ticaret ve Sanayi AS,19559,SELEC
Selcuk Gida,Selcuk Gida Endustri Ihracat Ithalat AS,19560,SELGD
Silverline,Silverline Endustri ve Ticaret AS,19563,SILVR
Sisecam,Turkiye Sise ve Cam Fabrikalari AS,19564,SISE
Sekerbank,Sekerbank TAS,19565,SKBNK
Soktas,Soktas Tekstil Sanayi ve Ticaret AS,19567,SKTAS
Sinpas GYO,Sinpas Gayrimenkul Yatirim Ortakligi AS,19568,SNGYO
Sonmez Filament,Sonmez Filament Sentetik Iplik ve Elyaf Sanayi AS,19571,SONME
Tat Gida,Tat Gida Sanayi AS,941121,TATGD
TAV Havalimanlar,TAV Havalimanlari Holding,19574,TAVHL
Turkcell,Turkcell Iletisim Hizmetleri AS ORD,19576,TCELL
ICBC Turkey,ICBC Turkey Bank AS,19579,ICBCT
Tek-Art Insaat,Tek-Art Insaat Ticaret Turizm Sanayi ve Yatirimlar AS,19580,TEKTU
THY,Turkish Airlines,19581,THYAO
Mondi Turkey,Mondi Turkey Oluklu Mukavva Kagit ve Ambalaj Sanayi,19582,MNDTR
Tekfen Holding,Tekfen Holding AS,19583,TKFEN
Tofas,Tofas Turk Otomobil Fabrikasi AS,19585,TOASO
Turcas Petrol,Turcas Petrol AS,19586,TRCAS
Torunlar GYO,Torunlar Gayrimenkul Yatirim Ortakligi AS,19587,TRGYO
TSKB GYO,TSKB Gayrimenkul Yatirim Ortakligi AS,19590,TSGYO
TSKB,Turkiye Sinai Kalkinma Bankasi AS,19591,TSKB
Trabzonspor Sportif,Trabzonspor Sportif Yatirim ve Futbol Isletmeciligi Ticaret AS,19593,TSPOR
Turk Telekom,Turk Telekomunikasyon AS,19594,TTKOM
Turk Traktor,Turk Traktor ve Ziraat Makineleri AS,19595,TTRAK
Tukas Gida,Tukas Gida Sanayi ve Ticaret AS,19597,TUKAS
Tupras Turkiye,Turkiye Petrol Rafinerileri AS,19598,TUPRS
Ulker Biskuvi,Ulker Biskuvi Sanayi AS,19601,ULKER
Usak Seramik,Usak Seramik Sanayi AS,19603,USAK
Zedur,Zedur Enerji Elektrik Uretim AS,19604,ZEDUR
Vakif Bankasi,Turkiye Vakiflar Bankasi TAO,19607,VAKBN
Vakif Leasing,Vakif Finansal Kiralama AS,19608,VAKFN
Vakko,Vakko Tekstil ve Hazir Giyim Sanayi Isletmeleri AS,19609,VAKKO
Vanet,Vanet Gida Sanayi Ic ve Dis Ticaret AS,19610,VANGD
Vestel Beyaz,Vestel Beyaz Esya Sanayi ve Ticaret AS,19611,VESBE
Vestel,Vestel Elektronik Sanayi ve Ticaret AS,19612,VESTL
Vakif GYO,Vakif Gayrimenkul Yatirim Ortakligi AS,19614,VKGYO
Viking Kagit,Viking Kagit ve Seluloz AS,19615,VKING
Yaprak Sut,Yaprak Sut ve Besi Ciftlikleri Sanayi ve Ticaret AS,19616,YAPRK
Yatas,Yatas Yatak ve Yorgan Sanayi Ticaret AS,19617,YATAS
AG Anadolu Group Holding,AG Anadolu Group Holding,19618,AGHOL
Yesil GYO,Yesil Gayrimenkul Yatirim Ortakligi AS,19619,YGYO
Yapi ve Kredi Bankasi,Yapi ve Kredi Bankasi AS,19620,YKBNK
Yapi Kredi Koray,Yapi Kredi Koray Gayrimenkul Yatirim Ortakligi AS,19623,KGYO
Yunsa,Yunsa Yunlu Sanayi ve Ticaret AS,19625,YUNSA
Zorlu Enerji,Zorlu Enerji Elektrik Uretim AS,19626,ZOREN
Brisa,Brisa Bridgestone Sabanci Lastik Sanayi ve Ticaret AS,19627,BRISA
Marka Yatirim,Marka Yatirim Holding AS,30974,MARKA
Beyaz Filo,Beyaz Filo Oto Kiralama AS,30979,BEYAZ
Dagi Yatirim,Dagi Yatirim Holding AS,30980,DAGHL
Denge Yatirim,Denge Yatirim Holding AS,30981,DENGE
Hub Girisim Sermayesi,Hub Girisim Sermayesi Yatirim Ortakligi AS,30983,HUBVC
Idealist Danismanlik,Idealist Danismanlik AS,30988,IDEAS
Nigbas Nigde Beton,Nigbas Nigde Beton Sanayi ve Ticaret AS,30990,NIBAS
Orge,Orge Enerji Elektrik Taahhut AS,30991,ORGE
Osmanli Menkul Degerler,Osmanli Menkul Degerler AS,30992,OSMEN
Ostim,Ostim Endustriyel Yatirimlar ve Isletme AS,30993,OSTIM
Oylum Sinai Yatirimlar,Oylum Sinai Yatirimlar AS,30994,OYLUM
Ozak GYO,Ozak Gayrimenkul Yatirim Ortakligi AS,30995,OZKGY
Polisan Holding,Polisan Holding AS,30996,POLHO
Sanifoam,Sanifoam Sunger Sanayi ve Ticaret AS,30997,SANFM
Teknosa,Teknosa Ic ve Dis Ticaret AS,31000,TKNSA
Ulaslar Turizm,Ulaslar Turizm Yatirimlari ve Dayanikli Tuketim Mallari Ticaret Pazarlama AS,31001,ULAS
Vakif Menkul,Vakif Menkul Kiymet Yatirim Ortakligi AS,31002,VKFYO
Yesil Yatirim,Yesil Yatirim Holding AS,31004,YESIL
Akdeniz Yatirim,Akdeniz Yatirim Holding AS,40440,AKGUV
Avrupa Yatirim,Avrupa Yatirim Holding AS,40444,AVHOL
Etiler Inci Bufe Gida,Etiler İnci Bufe Gida Sanayi ve Dis Ticaret AS,40446,ETILR
Flap Kongre,Flap Kongre Toplanti Hizmetleri Otomotiv ve Turizm AS,40447,FLAP
Halk GYO,Halk Gayrimenkul Yatirim Ortakligi AS,40448,HLGYO
Jantsa,Jantsa Jant Sanayi ve Ticaret AS,40449,JANTS
Bera,Bera Holding AS,40451,BERA
Kuyumcukent,Kuyumcukent Gayrimenkul Yatirimlari AS,40453,KUYAS
Mega Polietilen,Mega Polietilen Kopuk Sanayi ve Ticaret AS,40454,MEGAP
Merit Turizm,Merit Turizm Yatirim ve Isletme AS,40455,MERIT
Pegasus,Pegasus Hava Tasimaciligi AS,40456,PGSUS
Prizma Pres,Prizma Pres Matbaacilik Yayincilik Sanayi ve Ticaret AS,40457,PRZMA
TGS,TGS Dis Ticaret AS,40458,TGSAS
Taze Kuru,Taze Kuru Gida Sanayi ve Ticaret AS,40459,TKURU
Tumosan,Tumosan Motor ve Traktor Sanayi AS,40460,TMSN
ODAS Elektrik,ODAS Elektrik Uretim Sanayi Ticaret AS,40513,ODAS
Panora GYO,Panora Gayrimenkul Yatirim Ortakligi AS,40514,PAGYO
Turker Proje,Turker Proje Gayrimenkul Ve Yatirim Gelistirme AS,40957,TURGG
Aciselsan,Aciselsan Acipayam Seluloz Sanayi Ve Ticaret AS,40967,ACSEL
Akis GYO,Akis Gayrimenkul Yatirim Ortakligi AS,40968,AKSGY
Sekuro Plastik Ambalaj,Sekuro Plastik Ambalaj Sanayi AS,41595,SEKUR
Iz Yatirim,Iz Yatirim Holding Anonim Şirketi,44470,IZINV
Verusa Holding,Verusa Holding AS,44471,VERUS
Yayla Enerji,Yayla Enerji Uretim Turizm ve Insaat Ticaret AS,44473,YAYLA
SAN-EL,SAN-EL Muhendislik Elektrik Taahhut Sanayi ve Ticaret AS,44474,SANEL
Temapol,Temapol Polimer Plastik ve Insaat Sanayi Ticaret AS,48640,TMPOL
Rodrigo,Rodrigo Tekstil Sanayi ve Ticaret AS,102074,RODRG
Gediz Ambalaj,Gediz Ambalaj Sanayi ve Ticaret AS,941213,GEDZA
Korfez GYO,Korfez Gayrimenkul Yatirim Ortakligi AS,941214,KRGYO
Lider Faktoring,Lider Faktoring AS,941215,LIDFA
RTA,RTA Laboratuvarlari Biyolojik Urunler Ilac ve Makine Sanayi Ticaret AS,941217,RTALB
Servet GYO,Servet Gayrimenkul Yatirim Ortakligi AS,941218,SRVGY
Tugcelik Aluminyum,Tugcelik Aluminyum ve Metal Mamulleri Sanayi ve Ticaret AS,941219,TUCLK
Yeni Gimat,Yeni Gimat Gayrimenkul Yatirim Ortakligi AS,941220,YGGYO
Pamel Enerji,Pamel Yenilenebilir Elektrik Uretim AS,941684,PAMEL
Agesa,Agesa Hayat ve Emeklilik AS,942789,AGESA
Pergamon Status,Pergamon Status Dis Ticaret AS,942790,PSDTC
Ulusoy Un,Ulusoy Un Sanayi ve Ticaret AS,942791,ULUUN
Ulusoy Elektrik,Ulusoy Elektrik Imalat Taahhut ve Ticaret AS,942792,ULUSE
Hedef Girisim,HEDEF Girisim Sermayesi Yatirim Ortakligi AS,945159,HDFGS
Ozerden Plastik,Ozerden Plastik Sanayi ve Ticaret AS,945716,OZRDN
Politeknik Metal,Politeknik Metal Sanayi ve Ticaret AS,950050,POLTK
Say Reklamcilik,Say Reklamcilik Yapi Dekorasyon Proje Taahhut Sanayi ve Ticaret AS,950051,SAYAS
Bantas Bandirma,Bantas Bandirma Ambalaj Sanayi ve Ticaret AS,953595,BNTAS
Seyitler Kimya,Seyitler Kimya Sanayi AS,958340,SEYKM
Verusaturk,Verusaturk Girisim Sermayesi Yatirim Ortakligi AS,961704,VERTU
Cuhadaroglu,Cuhadaroglu Metal Sanayi ve Pazarlama AS,963743,CUSAN
Iskenderun,Iskenderun Demir ve Celik AS,976217,ISDMR
Izmir Firca,Izmir Firca Sanayi ve Ticaret AS,993681,IZFAS
Mistral GYO,Mistral Gayrimenkul Yatirim Ortakligi AS,997134,MSGYO
Fonet Bilgi,Fonet Bilgi Teknolojileri AS,1010701,FONET
Mavi Giyim Sanayi,Mavi Giyim Sanayi Ve Ticaret AS,1013385,MAVI
Safkar Ege Sogutmacilik,Safkar Ege Sogutmacilik Klima Soguk Hava Tesisleri Ihracat Ithalat Sanayi ve Tic,1058448,SAFKR
Trabzon Liman Isletmeciligi,Trabzon Liman Isletmeciligi AS,1061403,TLMAN
Enerjisa Enerji,Enerjisa Enerji AS,1062273,ENJSA
MLP Saglik,MLP Saglik Hizmetleri AS,1062839,MPARK
Peker Gayrimenkul Yatirim Ortakligi,Peker Gayrimenkul Yatirim Ortakligi AS,1066607,PEKGY
Trend Gayrimenkul Yatirim Ortakligi,Trend Gayrimenkul Yatirim Ortakligi AS,1066608,TDGYO
Sok Marketler,Sok Marketler,1076665,SOKM
Kafein Yazilim,Kafein Yazilim,1076877,KFEIN
Formet Celik Kapi,Formet Celik Kapi Sanayi ve Ticaret AS,1080076,FORMT
Smartiks Yazilim,Smartiks Yazilim AS,1131042,SMART
CEO Event Medya,CEO Event Medya AS,1135867,CEOEM
Derluks Deri,Derluks Deri Sanayi ve Ticaret AS,1141314,DERAS
Naturel Enerji,Naturel Yenilenebilir Enerji Ticare,1152250,NATEN
Yayla Gida,Yayla Agro Gida Sanayi ve Ticaret,1190452,YYLGD
Arsan Tekstil,Arsan Tekstil Ticaret ve Sanayi AS,19293,ARSAN
Gen Ilac, Gen Ilac ve Saglik urunleri Sanayi ve Ticaret AS,1175865,GENIL
Penta Teknoloji,Penta Teknoloji Urunleri Dagitim Ticaret AS,1173350,PENTA
Kutahya Seker,Kutahya Seker Fabrikasi AS,1174867,KTSKR
Obase Bilgisayar,Obase Bilgisayar ve Danismanlik Hizmetleri Ticaret AS,1193240,OBASE
Can2 Termik,Can2 Termik AS,1172944,CANTE
Erciyas Boru,Erciyas Celik Boru Sanayi AS,1184209,ERCB
Ak Enerji,Akenerji Elektrik Uretim AS,19266,AKENER
Aydem Enerji,Aydem Yenilenebilir Enerji AS,1172936,AYDEM
Anatolia Tani ve Biyoteknoloji,Anatolia Tani ve Biyoteknoloji Urunleri,1178550,ANGEN
Oyak Cimento,Oyak Cimento Fabrikalari AS,19513,OYAKC
Naturelgaz,Naturelgaz Sanayi ve Ticaret AS,1172079,NTGAZ
Turk Ilac Serum,Turk Ilac ve Serum Sanayi AS,1171471,TRLC
Baskent Dogalgaz GMYO,Baskent Dogalgaz Dagitim GMYO AS,1174540,BASGZ
Mobitel Iletisim,Mobitel Iletisim Hizmetleri,1180714,MOBTL
Esenboga Elektrik,Esenboga Elektrik Uretim AS,1166937,ESEN
Bist 30,BIST 30,19158,XU30
Bist 100,BIST 100,19155,XU100
Bist Banka,BIST Banks,19180,XBANK
Ziraat Portfoy BIST30,ZPX30,1159128,ZPX30f
Bist Dolar,Istanbul USD,37644,USDTRf
Bist Altin,Istanbul Gold,37601,GLDTRf
Bist Gumus,Istanbul Gumus,39017,GMSTRf
